{"the center of the gemstone": {"dataset_precision": 0.9135625596943648, "dataset_av_euc_dist": 0.056089944512341484, "distance": 234.90468761768614, "true_detections_count": 3826, "dataset_size": 4188}, "the center of the koalas nose": {"dataset_precision": 0.9771528998242531, "dataset_av_euc_dist": 0.03784766004353647, "distance": 150.74722995340576, "true_detections_count": 3892, "dataset_size": 3983}, "the center of the owls head": {"dataset_precision": 0.874869109947644, "dataset_av_euc_dist": 0.1211743717018451, "distance": 231.44304995052414, "true_detections_count": 1671, "dataset_size": 1910}, "the center of the seahorses head": {"dataset_precision": 0.5290505432215399, "dataset_av_euc_dist": 0.17617006211033048, "distance": 745.9040429751393, "true_detections_count": 2240, "dataset_size": 4234}, "squirrels head": {"dataset_precision": 0.3306878306878307, "dataset_av_euc_dist": 0.25275635599608554, "distance": 382.16761026608134, "true_detections_count": 500, "dataset_size": 1512}, "the center of the teddy bear nose": {"dataset_precision": 0.9849152935715944, "dataset_av_euc_dist": 0.01806970589966844, "distance": 77.8623627216713, "true_detections_count": 4244, "dataset_size": 4309}, "squirrels tail": {"dataset_precision": 0.24353256021409456, "dataset_av_euc_dist": 0.2097907402876668, "distance": 235.17541986247448, "true_detections_count": 273, "dataset_size": 1121}, "total": {"time": "8798.552472597978 seconds", "avg_precision": 0.7830832196452933, "avg_distance": 0.09682478258206625}}